,PYRUVATE,ETHANOL-AMINE,SUC,GLYCERATE,FUM,CADAVERINE,MAL,4-AMINO-BUTYRATE,CYS,2-KETOGLUTARATE,CIS-ACONITATE,PUTRESCINE,CIT,LYS,TYR,SUCROSE,L-ASPARTATE,ASN,SER,GLY,L-ALPHA-ALANINE,GLT,GLN,THR,PRO,VAL,TRP,ILE,LEU,PHE,FORMATE
PYRUVATE,0,0,5,1,2,0,4,2,3,18,3,0,4,2,2,1,3,0,7,13,11,28,6,4,0,2,4,3,1,3,2
ETHANOL-AMINE,0,0,0,0,0,0,0,0,0,0,0,0,0,0,0,0,0,0,5,0,0,0,0,0,0,0,0,0,0,0,0
SUC,5,0,0,0,6,1,5,3,1,28,5,0,5,1,1,0,0,0,1,0,2,3,0,0,0,0,0,0,0,1,0
GLYCERATE,1,0,0,0,0,0,0,0,0,1,0,0,0,0,0,0,0,0,2,2,1,1,0,0,0,0,0,0,0,0,0
FUM,2,0,6,0,0,0,4,0,0,7,4,0,4,0,1,0,9,0,0,1,0,5,4,0,1,0,0,0,0,0,0
CADAVERINE,0,0,1,0,0,0,0,0,0,1,0,0,0,1,0,0,0,0,0,0,0,1,0,0,0,0,0,0,0,0,0
MAL,4,0,5,0,4,0,0,0,0,4,5,0,5,0,0,0,1,0,0,0,0,1,0,0,0,0,0,0,0,0,0
4-AMINO-BUTYRATE,2,0,3,0,0,0,0,0,0,2,0,1,0,0,0,0,0,0,0,0,2,2,0,0,0,0,0,0,0,0,0
CYS,3,0,1,0,0,0,0,0,0,1,0,0,0,1,0,0,2,1,3,4,4,5,0,1,0,0,0,0,0,0,0
2-KETOGLUTARATE,18,0,28,1,7,1,4,2,1,0,4,1,4,6,8,0,11,1,4,3,5,60,18,6,5,3,2,4,3,5,3
CIS-ACONITATE,3,0,5,0,4,0,5,0,0,4,0,0,6,0,0,0,0,0,0,0,0,1,1,0,0,0,0,0,0,0,0
PUTRESCINE,0,0,0,0,0,0,0,1,0,1,0,0,0,0,0,0,0,0,0,0,0,0,1,0,0,0,0,0,0,0,1
CIT,4,0,5,0,4,0,5,0,0,4,6,0,0,0,0,0,0,0,0,0,0,1,1,0,0,0,0,0,0,0,0
LYS,2,0,1,0,0,1,0,0,1,6,0,0,0,0,0,0,2,0,0,0,0,6,0,1,0,0,0,0,0,0,0
TYR,2,0,1,0,1,0,0,0,0,8,0,0,0,0,0,0,0,0,1,1,0,8,1,0,0,0,1,0,0,3,0
SUCROSE,1,0,0,0,0,0,0,0,0,0,0,0,0,0,0,0,0,0,0,0,0,0,0,0,0,0,0,0,0,0,0
L-ASPARTATE,3,0,0,0,9,0,1,0,2,11,0,0,0,2,0,0,0,6,0,1,2,21,14,3,1,2,0,1,2,2,0
ASN,0,0,0,0,0,0,0,0,1,1,0,0,0,0,0,0,6,0,0,0,0,3,3,0,0,0,0,0,0,0,0
SER,7,5,1,2,0,0,0,0,3,4,0,0,0,0,1,0,0,0,0,6,1,6,2,1,0,0,2,0,0,1,2
GLY,13,0,0,2,1,0,0,0,4,3,0,0,0,0,1,0,1,0,6,0,2,24,3,1,0,0,2,0,0,1,4
L-ALPHA-ALANINE,11,0,2,1,0,0,0,2,4,5,0,0,0,0,0,0,2,0,1,2,0,7,2,0,0,2,1,0,3,3,0
GLT,28,0,3,1,5,1,1,2,5,60,1,0,1,6,8,0,21,3,6,24,7,0,48,6,7,5,5,4,5,7,4
GLN,6,0,0,0,4,0,0,0,0,18,1,1,1,0,1,0,14,3,2,3,2,48,0,0,2,4,2,2,4,4,6
THR,4,0,0,0,0,0,0,0,1,6,0,0,0,1,0,0,3,0,1,1,0,6,0,0,0,1,0,3,1,0,0
PRO,0,0,0,0,1,0,0,0,0,5,0,0,0,0,0,0,1,0,0,0,0,7,2,0,0,0,0,0,0,0,0
VAL,2,0,0,0,0,0,0,0,0,3,0,0,0,0,0,0,2,0,0,0,2,5,4,1,0,0,0,4,6,5,0
TRP,4,0,0,0,0,0,0,0,0,2,0,0,0,0,1,0,0,0,2,2,1,5,2,0,0,0,0,0,0,1,0
ILE,3,0,0,0,0,0,0,0,0,4,0,0,0,0,0,0,1,0,0,0,0,4,2,3,0,4,0,0,4,2,0
LEU,1,0,0,0,0,0,0,0,0,3,0,0,0,0,0,0,2,0,0,0,3,5,4,1,0,6,0,4,0,4,0
PHE,3,0,1,0,0,0,0,0,0,5,0,0,0,0,3,0,2,0,1,1,3,7,4,0,0,5,1,2,4,0,0
FORMATE,2,0,0,0,0,0,0,0,0,3,0,1,0,0,0,0,0,0,2,4,0,4,6,0,0,0,0,0,0,0,0