,PYRUVATE,LACTATE,ETHANOL-AMINE,GLYCEROL,SUC,GLYCERATE,FUM,CADAVERINE,MAL,4-AMINO-BUTYRATE,CYS,2-KETOGLUTARATE,CIS-ACONITATE,PUTRESCINE,SHIKIMATE,CIT,FRU,GLUCOSE,LYS,TYR,GLUCONATE,CPD0-1083,URATE,SUCROSE,TREHALOSE,L-ASPARTATE,ASN,SER,GLY,L-ALPHA-ALANINE,GLT,GLN,THR,PRO,VAL,TRP,ILE,LEU,PHE,FORMATE,FOLATES,,
PYRUVATE,0,0,0,0,5,1,2,0,4,2,3,18,3,0,0,4,0,0,2,2,0,0,0,1,0,3,0,7,13,11,28,6,4,0,2,4,3,1,3,2,0,,134
LACTATE,0,0,0,0,0,0,0,0,0,0,0,0,0,0,0,0,0,0,0,0,0,0,0,0,0,0,0,0,0,0,0,0,0,0,0,0,0,0,0,0,0,,0
ETHANOL-AMINE,0,0,0,0,0,0,0,0,0,0,0,0,0,0,0,0,0,0,0,0,0,0,0,0,0,0,0,5,0,0,0,0,0,0,0,0,0,0,0,0,0,,5
GLYCEROL,0,0,0,0,0,0,0,0,0,0,0,0,0,0,0,0,0,0,0,0,0,0,0,0,0,0,0,0,0,0,0,0,0,0,0,0,0,0,0,0,0,,0
SUC,5,0,0,0,0,0,6,1,5,3,1,28,5,0,0,5,0,0,1,1,0,0,0,0,0,0,0,1,0,2,3,0,0,0,0,0,0,0,1,0,0,,68
GLYCERATE,1,0,0,0,0,0,0,0,0,0,0,1,0,0,0,0,0,0,0,0,0,0,0,0,0,0,0,2,2,1,1,0,0,0,0,0,0,0,0,0,0,,8
FUM,2,0,0,0,6,0,0,0,4,0,0,7,4,0,0,4,0,0,0,1,0,0,0,0,0,9,0,0,1,0,5,4,0,1,0,0,0,0,0,0,0,,48
CADAVERINE,0,0,0,0,1,0,0,0,0,0,0,1,0,0,0,0,0,0,1,0,0,0,0,0,0,0,0,0,0,0,1,0,0,0,0,0,0,0,0,0,0,,4
MAL,4,0,0,0,5,0,4,0,0,0,0,4,5,0,0,5,0,0,0,0,0,0,0,0,0,1,0,0,0,0,1,0,0,0,0,0,0,0,0,0,0,,29
4-AMINO-BUTYRATE,2,0,0,0,3,0,0,0,0,0,0,2,0,1,0,0,0,0,0,0,0,0,0,0,0,0,0,0,0,2,2,0,0,0,0,0,0,0,0,0,0,,12
CYS,3,0,0,0,1,0,0,0,0,0,0,1,0,0,0,0,0,0,1,0,0,0,0,0,0,2,1,3,4,4,5,0,1,0,0,0,0,0,0,0,0,,26
2-KETOGLUTARATE,18,0,0,0,28,1,7,1,4,2,1,0,4,1,0,4,0,0,6,8,0,0,0,0,0,11,1,4,3,5,60,18,6,5,3,2,4,3,5,3,0,,218
CIS-ACONITATE,3,0,0,0,5,0,4,0,5,0,0,4,0,0,0,6,0,0,0,0,0,0,0,0,0,0,0,0,0,0,1,1,0,0,0,0,0,0,0,0,0,,29
PUTRESCINE,0,0,0,0,0,0,0,0,0,1,0,1,0,0,0,0,0,0,0,0,0,0,0,0,0,0,0,0,0,0,0,1,0,0,0,0,0,0,0,1,0,,4
SHIKIMATE,0,0,0,0,0,0,0,0,0,0,0,0,0,0,0,0,0,0,0,0,0,0,0,0,0,0,0,0,0,0,0,0,0,0,0,0,0,0,0,0,0,,0
CIT,4,0,0,0,5,0,4,0,5,0,0,4,6,0,0,0,0,0,0,0,0,0,0,0,0,0,0,0,0,0,1,1,0,0,0,0,0,0,0,0,0,,30
FRU,0,0,0,0,0,0,0,0,0,0,0,0,0,0,0,0,0,0,0,0,0,0,0,0,0,0,0,0,0,0,0,0,0,0,0,0,0,0,0,0,0,,0
GLUCOSE,0,0,0,0,0,0,0,0,0,0,0,0,0,0,0,0,0,0,0,0,0,0,0,0,0,0,0,0,0,0,0,0,0,0,0,0,0,0,0,0,0,,0
LYS,2,0,0,0,1,0,0,1,0,0,1,6,0,0,0,0,0,0,0,0,0,0,0,0,0,2,0,0,0,0,6,0,1,0,0,0,0,0,0,0,0,,20
TYR,2,0,0,0,1,0,1,0,0,0,0,8,0,0,0,0,0,0,0,0,0,0,0,0,0,0,0,1,1,0,8,1,0,0,0,1,0,0,3,0,0,,27
GLUCONATE,0,0,0,0,0,0,0,0,0,0,0,0,0,0,0,0,0,0,0,0,0,0,0,0,0,0,0,0,0,0,0,0,0,0,0,0,0,0,0,0,0,,0
CPD0-1083,0,0,0,0,0,0,0,0,0,0,0,0,0,0,0,0,0,0,0,0,0,0,0,0,0,0,0,0,0,0,0,0,0,0,0,0,0,0,0,0,0,,0
URATE,0,0,0,0,0,0,0,0,0,0,0,0,0,0,0,0,0,0,0,0,0,0,0,0,0,0,0,0,0,0,0,0,0,0,0,0,0,0,0,0,0,,0
SUCROSE,1,0,0,0,0,0,0,0,0,0,0,0,0,0,0,0,0,0,0,0,0,0,0,0,0,0,0,0,0,0,0,0,0,0,0,0,0,0,0,0,0,,1
TREHALOSE,0,0,0,0,0,0,0,0,0,0,0,0,0,0,0,0,0,0,0,0,0,0,0,0,0,0,0,0,0,0,0,0,0,0,0,0,0,0,0,0,0,,0
L-ASPARTATE,3,0,0,0,0,0,9,0,1,0,2,11,0,0,0,0,0,0,2,0,0,0,0,0,0,0,6,0,1,2,21,14,3,1,2,0,1,2,2,0,0,,83
ASN,0,0,0,0,0,0,0,0,0,0,1,1,0,0,0,0,0,0,0,0,0,0,0,0,0,6,0,0,0,0,3,3,0,0,0,0,0,0,0,0,0,,14
SER,7,0,5,0,1,2,0,0,0,0,3,4,0,0,0,0,0,0,0,1,0,0,0,0,0,0,0,0,6,1,6,2,1,0,0,2,0,0,1,2,0,,44
GLY,13,0,0,0,0,2,1,0,0,0,4,3,0,0,0,0,0,0,0,1,0,0,0,0,0,1,0,6,0,2,24,3,1,0,0,2,0,0,1,4,0,,68
L-ALPHA-ALANINE,11,0,0,0,2,1,0,0,0,2,4,5,0,0,0,0,0,0,0,0,0,0,0,0,0,2,0,1,2,0,7,2,0,0,2,1,0,3,3,0,0,,48
GLT,28,0,0,0,3,1,5,1,1,2,5,60,1,0,0,1,0,0,6,8,0,0,0,0,0,21,3,6,24,7,0,48,6,7,5,5,4,5,7,4,0,,274
GLN,6,0,0,0,0,0,4,0,0,0,0,18,1,1,0,1,0,0,0,1,0,0,0,0,0,14,3,2,3,2,48,0,0,2,4,2,2,4,4,6,0,,128
THR,4,0,0,0,0,0,0,0,0,0,1,6,0,0,0,0,0,0,1,0,0,0,0,0,0,3,0,1,1,0,6,0,0,0,1,0,3,1,0,0,0,,28
PRO,0,0,0,0,0,0,1,0,0,0,0,5,0,0,0,0,0,0,0,0,0,0,0,0,0,1,0,0,0,0,7,2,0,0,0,0,0,0,0,0,0,,16
VAL,2,0,0,0,0,0,0,0,0,0,0,3,0,0,0,0,0,0,0,0,0,0,0,0,0,2,0,0,0,2,5,4,1,0,0,0,4,6,5,0,0,,34
TRP,4,0,0,0,0,0,0,0,0,0,0,2,0,0,0,0,0,0,0,1,0,0,0,0,0,0,0,2,2,1,5,2,0,0,0,0,0,0,1,0,0,,20
ILE,3,0,0,0,0,0,0,0,0,0,0,4,0,0,0,0,0,0,0,0,0,0,0,0,0,1,0,0,0,0,4,2,3,0,4,0,0,4,2,0,0,,27
LEU,1,0,0,0,0,0,0,0,0,0,0,3,0,0,0,0,0,0,0,0,0,0,0,0,0,2,0,0,0,3,5,4,1,0,6,0,4,0,4,0,0,,33
PHE,3,0,0,0,1,0,0,0,0,0,0,5,0,0,0,0,0,0,0,3,0,0,0,0,0,2,0,1,1,3,7,4,0,0,5,1,2,4,0,0,0,,42
FORMATE,2,0,0,0,0,0,0,0,0,0,0,3,0,1,0,0,0,0,0,0,0,0,0,0,0,0,0,2,4,0,4,6,0,0,0,0,0,0,0,0,0,,22
FOLATES,0,0,0,0,0,0,0,0,0,0,0,0,0,0,0,0,0,0,0,0,0,0,0,0,0,0,0,0,0,0,0,0,0,0,0,0,0,0,0,0,0,,0
,,,,,,,,,,,,,,,,,,,,,,,,,,,,,,,,,,,,,,,,,,,
,134,0,5,0,68,8,48,4,29,12,26,218,29,4,0,30,0,0,20,27,0,0,0,1,0,83,14,44,68,48,274,128,28,16,34,20,27,33,42,22,0,,